Ref,Val,Package,PosX,PosY,Rot,Side
"R1","100Ω;1005","R_0402_1005Metric",94.900000,-108.500000,270.000000,top
"R2","100Ω;1005","R_0402_1005Metric",92.500000,-94.000000,270.000000,top
